{
    "tests": [
        {
            "name": "Python Implementation W=16, F=8",
            "max_score": 10,
            "score": 10,
            "feedback": "Test passed! MSE: 4.930837e-06 (threshold: 1.000000e-05)"
        },
        {
            "name": "Python Implementation W=16, F=12",
            "max_score": 10,
            "score": 10,
            "feedback": "Test passed! MSE: 1.594657e-01 (threshold: 2.000000e-01)"
        },
        {
            "name": "SystemVerilog Implementation W=16, F=8",
            "max_score": 10,
            "score": 10,
            "feedback": "Test passed! MSE: 0.000000e+00"
        },
        {
            "name": "SystemVerilog Implementation W=16, F=12",
            "max_score": 10,
            "score": 10,
            "feedback": "Test passed! MSE: 0.000000e+00"
        }
    ],
    "score": 40
}